{"last_tab":"1","header_layout":"1","menu_sticky":"1","show_search_icon":"1","top_bar_slogan":"If you can imagine it, we will build it for you!","top_bar_phone":"(0044) 3636.68686","top_bar_phone_link":"363668686","top_bar_social":{"enabled":{"placebo":"placebo","facebook":"Facebook","twitter":"Twitter","google":"Google"},"disabled":{"placebo":"placebo","youtube":"Youtube","email":"Email","skype":"Skype","linkedin":"Linkedin","vimeo":"Vimeo","tumblr":"Tumblr","rss":"RSS","pinterest":"Pinterest","instagram":"Instagram","yelp":"Yelp"}},"trans_logo":{"url":"http:\/\/dev.joomexp.com\/wordpress\/construct\/wp-content\/themes\/construct\/assets\/images\/logo-light.png","id":"","height":"","width":"","thumbnail":""},"main_logo":{"url":"http:\/\/dev.joomexp.com\/wordpress\/construct\/wp-content\/themes\/construct\/assets\/images\/logo-dark.png","id":"","height":"","width":"","thumbnail":""},"sticky_logo":{"url":"http:\/\/dev.joomexp.com\/wordpress\/construct\/wp-content\/themes\/construct\/assets\/images\/logo-dark.png","id":"","height":"","width":"","thumbnail":""},"mobile_logo":{"url":"http:\/\/dev.joomexp.com\/wordpress\/construct\/wp-content\/themes\/construct\/assets\/images\/logo-dark.png","id":"","height":"","width":"","thumbnail":""},"main_logo_height":{"height":"px","units":"px"},"sticky_logo_height":{"height":"px","units":"px"},"menu_color":"#333333","font_menu":{"font-family":"Montserrat","font-options":"","google":"1","font-weight":"500","font-style":"","subsets":""},"page_title_layout":"1","bg_page_title":{"url":"http:\/\/dev.joomexp.com\/wordpress\/huongh22\/wp-content\/uploads\/2017\/11\/bg-page-title-testimonial.jpg","id":"917","height":"848","width":"1920","thumbnail":"http:\/\/dev.joomexp.com\/wordpress\/huongh22\/wp-content\/uploads\/2017\/11\/bg-page-title-testimonial.jpg"},"pagetitle_overlay":{"color":"#000000","alpha":"0.55","rgba":"rgba(0,0,0,0.55)"},"page_title_color":"","breadcrumb_color":"","hidden_breadcrumb":"","page_loadding":"","content_padding":{"padding-top":"","padding-bottom":"","units":"px"},"footer_layout":"1","footer_button_back_to_top":"1","bg_footer":{"url":"http:\/\/dev.joomexp.com\/wordpress\/construct\/wp-content\/themes\/construct\/assets\/images\/bg-footer.jpg","id":"","height":"","width":"","thumbnail":""},"bg_footer_color":{"color":"#000000","alpha":"0.76","rgba":"rgba(0,0,0,0.76)"},"footer-top-column":"4","footer_text_color":"","footer_link_color":"","footer_link_color_hover":"","footer_bottom_text_color":"","footer_bottom_link_color":"","footer_bottom_link_color_hover":"","cms_copyright":"\u00a9 2017 Karion, With Love by <a href=\"farost.net\">Farost.net<\/a>","footer_contact_us":"Contact Us","footer_social":{"enabled":{"placebo":"placebo","twitter":"Twitter","facebook":"Facebook","google":"Google"},"disabled":{"placebo":"placebo","youtube":"Youtube","vimeo":"Vimeo","tumblr":"Tumblr","rss":"RSS","pinterest":"Pinterest","instagram":"Instagram","yelp":"Yelp"}},"primary_color":"#fab702","link_color":"#333333","link_color_hover":"#fab702","font_body":{"font-family":"Poppins","font-options":"","google":"1","font-weight":"","font-style":"","subsets":"","font-size":"14px","line-height":"23px","color":"#9b9b9b"},"font_h1":{"font-family":"","font-options":"","google":"1","font-weight":"","font-style":"","subsets":"","font-size":"","line-height":"","color":""},"font_h2":{"font-family":"","font-options":"","google":"1","font-weight":"","font-style":"","subsets":"","font-size":"","line-height":"","color":""},"font_h3":{"font-family":"","font-options":"","google":"1","font-weight":"","font-style":"","subsets":"","font-size":"","line-height":"","color":""},"font_h4":{"font-family":"","font-options":"","google":"1","font-weight":"","font-style":"","subsets":"","font-size":"","line-height":"","color":""},"font_h5":{"font-family":"","font-options":"","google":"1","font-weight":"","font-style":"","subsets":"","font-size":"","line-height":"","color":""},"font_h6":{"font-family":"","font-options":"","google":"1","font-weight":"","font-style":"","subsets":"","font-size":"","line-height":"","color":""},"google-font-1":{"font-family":"Adamina","font-options":"","google":"1","font-backup":"","font-weight":"400","font-style":"","subsets":"latin","text-align":"","font-size":"","line-height":"","color":""},"google-font-selector-1":"","blog_sidebar":"right-sidebar","single_sidebar":"right-sidebar","post_comment":"show","post_author":"hide","portfolio_bg_page_title":{"url":"http:\/\/dev.joomexp.com\/wordpress\/huongh22\/wp-content\/uploads\/2017\/11\/slide-1-1.jpg","id":"1114","height":"900","width":"1600","thumbnail":"http:\/\/dev.joomexp.com\/wordpress\/huongh22\/wp-content\/uploads\/2017\/11\/slide-1-1.jpg"},"service_bg_page_title":{"url":"http:\/\/dev.joomexp.com\/wordpress\/huongh22\/wp-content\/uploads\/2017\/11\/abcxyz.jpg","id":"1109","height":"910","width":"1920","thumbnail":"http:\/\/dev.joomexp.com\/wordpress\/huongh22\/wp-content\/uploads\/2017\/11\/abcxyz.jpg"},"dev_mode":0,"social_facebook_url":"#","social_twitter_url":"#","social_email_url":"#","social_inkedin_url":"#","social_rss_url":"#","social_instagram_url":"#","social_google_url":"#","social_skype_url":"#","social_pinterest_url":"#","social_vimeo_url":"#","social_youtube_url":"#","social_yelp_url":"#","social_tumblr_url":"#","social_linkedin_url":"#"}